"Timestamp","Action","UserUPN","Department","Status","Details"
"2026-09-06 12:09:44","JOINER_SKIPPED","aarav.sharma@webstrive.onmicrosoft.com","Engineering","EXISTS","Identity already active in directory."
"2026-09-06 12:09:44","JOINER_SKIPPED","priya.nair@webstrive.onmicrosoft.com","Finance","EXISTS","Identity already active in directory."
"2026-09-06 12:09:46","JOINER_PROVISION","rohan.verma@webstrive.onmicrosoft.com","Engineering","SUCCESS","Provisioned under AU-Engineering; Dynamic group & license sync initiated."
"2026-09-06 12:09:49","JOINER_PROVISION","ananya.iyer@webstrive.onmicrosoft.com","Finance","SUCCESS","Provisioned under AU-Finance; Dynamic group & license sync initiated."
"2026-09-06 12:09:51","JOINER_PROVISION","vikram.malhotra@webstrive.onmicrosoft.com","Engineering","SUCCESS","Provisioned under AU-Engineering; Dynamic group & license sync initiated."
"2026-09-06 12:09:53","JOINER_PROVISION","sneha.kulkarni@webstrive.onmicrosoft.com","Finance","SUCCESS","Provisioned under AU-Finance; Dynamic group & license sync initiated."
"2026-09-06 12:09:56","JOINER_PROVISION","siddharth.sen@webstrive.onmicrosoft.com","Engineering","SUCCESS","Provisioned under AU-Engineering; Dynamic group & license sync initiated."
"2026-09-06 12:09:58","JOINER_PROVISION","pooja.hegde@webstrive.onmicrosoft.com","Finance","SUCCESS","Provisioned under AU-Finance; Dynamic group & license sync initiated."
"2026-09-06 12:10:00","JOINER_PROVISION","aditya.roy@webstrive.onmicrosoft.com","Engineering","SUCCESS","Provisioned under AU-Engineering; Dynamic group & license sync initiated."
"2026-09-06 12:10:01","JOINER_PROVISION","meera.joshi@webstrive.onmicrosoft.com","Finance","SUCCESS","Provisioned under AU-Finance; Dynamic group & license sync initiated."
